Cortes;77;
78;
81;
82;
86;
87;
91;
92;
94;
95;
97;
98;
247;
248;
250;
251;
253;
254;
256;
257;
259;
260;
262;
263;
338;
339;
343;
344;
348;
349;
353;
354;
454;
455;
697;
698;
701;
702;
704;
705;
707;
708;
710;
711;
713;
714;
837;
838;
947;
948;
950;
951;
953;
954;
956;
957;
960;
961;
963;
964;
1070;
1071;
1158;
1159;
1161;
1162;
1164;
1165;
1278;
1279;
1382;
1383;
1389;
1390;
1394;
1395;
1505;
1506;
1666;
1667;
1671;
1672;
1676;
1677;
1682;
1683;
1755;
1756;
1770;
1771;
1826;
1827;
1831;
1832;
1861;
1862;
1864;
1865;
1867;
1868;
1870;
1871;
1873;
1874;
1917;
1918;
1920;
1921;
1924;
1925;
1961;
1962;
2000;
2001;
2003;
2004;
2006;
2007;
2009;
2010;
2012;
2013;
2104;
2105;
2107;
2108;
2110;
2111;
2113;
2114;
2216;
2217;
2277;
2278;
2280;
2281;
2283;
2284;
2287;
2288;
2343;
2344;
2347;
2348;
2350;
2351;
2438;
2439;
2441;
2442;
2444;
2445;
2447;
2448;
2450;
2451;
2453;
2454;
2558;
2559;
2564;
2565;
2574;
2575;
2577;
2578;
2651;
2652;
2722;
2723;
2725;
2726;
2729;
2730;
2732;
2733;
2735;
2736;
2738;
2739;
2857;
2858;
2993;
2994;
2998;
2999;
3003;
3004;
3080;
3081;
3229;
3230;
3232;
3233;
3236;
3237;
3337;
3338;
3443;
3444;
3448;
3449;
3503;
3504;
3599;
3600;
3603;
3604;
3614;
3615;
3619;
3620;
Cortes;77;
78;
81;
82;
86;
87;
91;
92;
94;
95;
97;
98;
247;
248;
250;
251;
253;
254;
256;
257;
259;
260;
262;
263;
338;
339;
343;
344;
348;
349;
353;
354;
454;
455;
697;
698;
701;
702;
704;
705;
707;
708;
710;
711;
713;
714;
837;
838;
947;
948;
950;
951;
953;
954;
956;
957;
960;
961;
963;
964;
1070;
1071;
1158;
1159;
1161;
1162;
1164;
1165;
1278;
1279;
1382;
1383;
1389;
1390;
1394;
1395;
1505;
1506;
1666;
1667;
1671;
1672;
1676;
1677;
1682;
1683;
1755;
1756;
1770;
1771;
1826;
1827;
1831;
1832;
1861;
1862;
1864;
1865;
1867;
1868;
1870;
1871;
1873;
1874;
1917;
1918;
1920;
1921;
1924;
1925;
1961;
1962;
2000;
2001;
2003;
2004;
2006;
2007;
2009;
2010;
2012;
2013;
2104;
2105;
2107;
2108;
2110;
2111;
2113;
2114;
2216;
2217;
2277;
2278;
2280;
2281;
2283;
2284;
2287;
2288;
2343;
2344;
2347;
2348;
2350;
2351;
2438;
2439;
2441;
2442;
2444;
2445;
2447;
2448;
2450;
2451;
2453;
2454;
2558;
2559;
2564;
2565;
2574;
2575;
2577;
2578;
2651;
2652;
2722;
2723;
2725;
2726;
2729;
2730;
2732;
2733;
2735;
2736;
2738;
2739;
2857;
2858;
2993;
2994;
2998;
2999;
3003;
3004;
3080;
3081;
3229;
3230;
3232;
3233;
3236;
3237;
3337;
3338;
3443;
3444;
3448;
3449;
3503;
3504;
3599;
3600;
3603;
3604;
3614;
3615;
3619;
3620;
Cortes;77;
78;
81;
82;
86;
87;
91;
92;
94;
95;
97;
98;
247;
248;
250;
251;
253;
254;
256;
257;
259;
260;
262;
263;
338;
339;
343;
344;
348;
349;
353;
354;
454;
455;
697;
698;
701;
702;
704;
705;
707;
708;
710;
711;
713;
714;
837;
838;
947;
948;
950;
951;
953;
954;
956;
957;
960;
961;
963;
964;
1070;
1071;
1158;
1159;
1161;
1162;
1164;
1165;
1278;
1279;
1382;
1383;
1389;
1390;
1394;
1395;
1505;
1506;
1666;
1667;
1671;
1672;
1676;
1677;
1682;
1683;
1755;
1756;
1770;
1771;
1826;
1827;
1831;
1832;
1861;
1862;
1864;
1865;
1867;
1868;
1870;
1871;
1873;
1874;
1917;
1918;
1920;
1921;
1924;
1925;
1961;
1962;
2000;
2001;
2003;
2004;
2006;
2007;
2009;
2010;
2012;
2013;
2104;
2105;
2107;
2108;
2110;
2111;
2113;
2114;
2216;
2217;
2277;
2278;
2280;
2281;
2283;
2284;
2287;
2288;
2343;
2344;
2347;
2348;
2350;
2351;
2438;
2439;
2441;
2442;
2444;
2445;
2447;
2448;
2450;
2451;
2453;
2454;
2558;
2559;
2564;
2565;
2574;
2575;
2577;
2578;
2651;
2652;
2722;
2723;
2725;
2726;
2729;
2730;
2732;
2733;
2735;
2736;
2738;
2739;
2857;
2858;
2993;
2994;
2998;
2999;
3003;
3004;
3080;
3081;
3229;
3230;
3232;
3233;
3236;
3237;
3337;
3338;
3443;
3444;
3448;
3449;
3503;
3504;
3599;
3600;
3603;
3604;
3614;
3615;
3619;
3620;
Cortes;77;
78;
81;
82;
86;
87;
91;
92;
94;
95;
97;
98;
247;
248;
250;
251;
253;
254;
256;
257;
259;
260;
262;
263;
338;
339;
343;
344;
348;
349;
353;
354;
454;
455;
697;
698;
701;
702;
704;
705;
707;
708;
710;
711;
713;
714;
837;
838;
947;
948;
950;
951;
953;
954;
956;
957;
960;
961;
963;
964;
1070;
1071;
1158;
1159;
1161;
1162;
1164;
1165;
1278;
1279;
1382;
1383;
1389;
1390;
1394;
1395;
1505;
1506;
1666;
1667;
1671;
1672;
1676;
1677;
1682;
1683;
1755;
1756;
1770;
1771;
1826;
1827;
1831;
1832;
1861;
1862;
1864;
1865;
1867;
1868;
1870;
1871;
1873;
1874;
1917;
1918;
1920;
1921;
1924;
1925;
1961;
1962;
2000;
2001;
2003;
2004;
2006;
2007;
2009;
2010;
2012;
2013;
2104;
2105;
2107;
2108;
2110;
2111;
2113;
2114;
2216;
2217;
2277;
2278;
2280;
2281;
2283;
2284;
2287;
2288;
2343;
2344;
2347;
2348;
2350;
2351;
2438;
2439;
2441;
2442;
2444;
2445;
2447;
2448;
2450;
2451;
2453;
2454;
2558;
2559;
2564;
2565;
2574;
2575;
2577;
2578;
2651;
2652;
2722;
2723;
2725;
2726;
2729;
2730;
2732;
2733;
2735;
2736;
2738;
2739;
2857;
2858;
2993;
2994;
2998;
2999;
3003;
3004;
3080;
3081;
3229;
3230;
3232;
3233;
3236;
3237;
3337;
3338;
3443;
3444;
3448;
3449;
3503;
3504;
3599;
3600;
3603;
3604;
3614;
3615;
3619;
3620;
Cortes;77;
78;
81;
82;
86;
87;
91;
92;
94;
95;
97;
98;
247;
248;
250;
251;
253;
254;
256;
257;
259;
260;
262;
263;
338;
339;
343;
344;
348;
349;
353;
354;
454;
455;
697;
698;
701;
702;
704;
705;
707;
708;
710;
711;
713;
714;
837;
838;
947;
948;
950;
951;
953;
954;
956;
957;
960;
961;
963;
964;
1070;
1071;
1158;
1159;
1161;
1162;
1164;
1165;
1278;
1279;
1382;
1383;
1389;
1390;
1394;
1395;
1505;
1506;
1666;
1667;
1671;
1672;
1676;
1677;
1682;
1683;
1755;
1756;
1770;
1771;
1826;
1827;
1831;
1832;
1861;
1862;
1864;
1865;
1867;
1868;
1870;
1871;
1873;
1874;
1917;
1918;
1920;
1921;
1924;
1925;
1961;
1962;
2000;
2001;
2003;
2004;
2006;
2007;
2009;
2010;
2012;
2013;
2104;
2105;
2107;
2108;
2110;
2111;
2113;
2114;
2216;
2217;
2277;
2278;
2280;
2281;
2283;
2284;
2287;
2288;
2343;
2344;
2347;
2348;
2350;
2351;
2438;
2439;
2441;
2442;
2444;
2445;
2447;
2448;
2450;
2451;
2453;
2454;
2558;
2559;
2564;
2565;
2574;
2575;
2577;
2578;
2651;
2652;
2722;
2723;
2725;
2726;
2729;
2730;
2732;
2733;
2735;
2736;
2738;
2739;
2857;
2858;
2993;
2994;
2998;
2999;
3003;
3004;
3080;
3081;
3229;
3230;
3232;
3233;
3236;
3237;
3337;
3338;
3443;
3444;
3448;
3449;
3503;
3504;
3599;
3600;
3603;
3604;
3614;
3615;
3619;
3620;
Cortes;77;
78;
81;
82;
86;
87;
91;
92;
94;
95;
97;
98;
247;
248;
250;
251;
253;
254;
256;
257;
259;
260;
262;
263;
338;
339;
343;
344;
348;
349;
353;
354;
454;
455;
697;
698;
701;
702;
704;
705;
707;
708;
710;
711;
713;
714;
837;
838;
947;
948;
950;
951;
953;
954;
956;
957;
960;
961;
963;
964;
1070;
1071;
1158;
1159;
1161;
1162;
1164;
1165;
1278;
1279;
1382;
1383;
1389;
1390;
1394;
1395;
1505;
1506;
1666;
1667;
1671;
1672;
1676;
1677;
1682;
1683;
1755;
1756;
1770;
1771;
1826;
1827;
1831;
1832;
1861;
1862;
1864;
1865;
1867;
1868;
1870;
1871;
1873;
1874;
1917;
1918;
1920;
1921;
1924;
1925;
1961;
1962;
2000;
2001;
2003;
2004;
2006;
2007;
2009;
2010;
2012;
2013;
2104;
2105;
2107;
2108;
2110;
2111;
2113;
2114;
2216;
2217;
2277;
2278;
2280;
2281;
2283;
2284;
2287;
2288;
2343;
2344;
2347;
2348;
2350;
2351;
2438;
2439;
2441;
2442;
2444;
2445;
2447;
2448;
2450;
2451;
2453;
2454;
2558;
2559;
2564;
2565;
2574;
2575;
2577;
2578;
2651;
2652;
2722;
2723;
2725;
2726;
2729;
2730;
2732;
2733;
2735;
2736;
2738;
2739;
2857;
2858;
2993;
2994;
2998;
2999;
3003;
3004;
3080;
3081;
3229;
3230;
3232;
3233;
3236;
3237;
3337;
3338;
3443;
3444;
3448;
3449;
3503;
3504;
3599;
3600;
3603;
3604;
3614;
3615;
3619;
3620;
Cortes;76;
77;
78;
80;
85;
90;
91;
92;
93;
94;
95;
96;
97;
98;
246;
247;
248;
249;
250;
251;
252;
253;
254;
255;
256;
257;
258;
259;
260;
261;
262;
263;
337;
342;
347;
352;
353;
453;
696;
698;
700;
701;
702;
703;
704;
705;
706;
707;
708;
709;
710;
711;
712;
713;
836;
946;
947;
948;
949;
950;
951;
952;
953;
955;
956;
957;
959;
962;
1069;
1157;
1159;
1160;
1163;
1164;
1165;
1277;
1381;
1383;
1388;
1393;
1504;
1665;
1670;
1675;
1676;
1681;
1754;
1769;
1825;
1826;
1830;
1860;
1861;
1862;
1863;
1864;
1865;
1866;
1867;
1868;
1869;
1870;
1871;
1872;
1916;
1919;
1923;
1924;
1960;
1999;
2000;
2001;
2002;
2003;
2004;
2005;
2006;
2007;
2008;
2009;
2010;
2011;
2103;
2104;
2105;
2106;
2107;
2108;
2109;
2110;
2111;
2112;
2113;
2215;
2276;
2277;
2278;
2279;
2280;
2281;
2282;
2286;
2342;
2343;
2344;
2346;
2347;
2348;
2349;
2350;
2351;
2437;
2440;
2441;
2442;
2443;
2444;
2445;
2446;
2447;
2448;
2449;
2450;
2452;
2557;
2558;
2563;
2573;
2574;
2575;
2576;
2650;
2721;
2722;
2723;
2724;
2725;
2726;
2728;
2729;
2730;
2731;
2732;
2733;
2734;
2735;
2736;
2737;
2856;
2992;
2997;
3002;
3003;
3079;
3228;
3229;
3230;
3231;
3233;
3235;
3336;
3442;
3447;
3502;
3598;
3599;
3602;
3603;
3613;
3618;
Cortes;76;
77;
78;
80;
85;
90;
91;
92;
93;
94;
95;
96;
97;
98;
246;
247;
248;
249;
250;
251;
252;
253;
254;
255;
256;
257;
258;
259;
260;
261;
262;
263;
337;
342;
347;
352;
353;
453;
696;
698;
700;
701;
702;
703;
704;
705;
706;
707;
708;
709;
710;
711;
712;
713;
836;
946;
947;
948;
949;
950;
951;
952;
953;
955;
956;
957;
959;
962;
1069;
1157;
1159;
1160;
1163;
1164;
1165;
1277;
1381;
1383;
1388;
1393;
1504;
1665;
1670;
1675;
1676;
1681;
1754;
1769;
1825;
1826;
1830;
1860;
1861;
1862;
1863;
1864;
1865;
1866;
1867;
1868;
1869;
1870;
1871;
1872;
1916;
1919;
1923;
1924;
1960;
1999;
2000;
2001;
2002;
2003;
2004;
2005;
2006;
2007;
2008;
2009;
2010;
2011;
2103;
2104;
2105;
2106;
2107;
2108;
2109;
2110;
2111;
2112;
2113;
2215;
2276;
2277;
2278;
2279;
2280;
2281;
2282;
2286;
2342;
2343;
2344;
2346;
2347;
2348;
2349;
2350;
2351;
2437;
2440;
2441;
2442;
2443;
2444;
2445;
2446;
2447;
2448;
2449;
2450;
2452;
2557;
2558;
2563;
2573;
2574;
2575;
2576;
2650;
2721;
2722;
2723;
2724;
2725;
2726;
2728;
2729;
2730;
2731;
2732;
2733;
2734;
2735;
2736;
2737;
2856;
2992;
2997;
3002;
3003;
3079;
3228;
3229;
3230;
3231;
3233;
3235;
3336;
3442;
3447;
3502;
3598;
3599;
3602;
3603;
3613;
3618;
